[1,0,0,[["cc.JsonAsset",["_name","json"],1]],[[0,0,1,3]],[[0,"lang",{"APP_NEW_VERSION":"","BTN_CANCEL":"Cancel","BTN_CONFIRM":"","COMMON_LOADING":"memuatkan…","COMMON_LOADING_1":"memuatkan","COMMON_NET_TIMEOUT":"Permintaan tamat. Sila cuba sebentar lagi","COMMON_TIPS_EXIT":"","ERROR_USUAL_TYPE_10":"Sila masuk lagi","GAME_MAINTENANCE":"Permainan sedang dalam penyelenggaraan, sila log masuk kemudian","GAME_MAINTENANCE_1":"Perkhidmatan permainan mengalami masalah, jika ada sebarang pertanyaan sila hubungi khidmat pelanggan","GAME_MAINTENANCE_SUBGAME":"Permainan sedang dalam penyelenggaraan, sila log masuk kemudian","LAUNCH_GOT":"Abai","LAUNCH_UPDATED":"Kemas kini","LOADING_GUEST":"Tetamu","LOAD_NEED_UPDATE_HALL":"","LOAD_STATUS_APP_UPDATE_ING":"","LOAD_STATUS_LOCAL_FAIL":"","LOAD_STATUS_LOCAL_ING":"","LOAD_STATUS_LOCAL_START":"","LOAD_STATUS_LOGIN_ING":"","LOAD_STATUS_REMOTE_FAIL":"","LOAD_STATUS_REMOTE_ING":"","LOAD_STATUS_REMOTE_START":"","LOAD_STATUS_SERVER_CONNECT_FAIL":"","LOAD_STATUS_SERVER_CONNECT_ING":"","LOGIN_BTN_ACTLOGIN":"","LOGIN_MINIENTER_AKUN":"","LOGIN_MINIENTER_FB":"","LOGIN_USERAGREEMENT":"Saya telah membaca dan bersetuju","LOGIN_USERAGREEMENT_LINK1":"Dasar Privasi","LOGIN_USERAGREEMENT_LINK3":"Syarat Perkhidmatan","LOGIN_USERAGREEMENT_TIPS1":"Pernahkah anda membaca dan bersetuju menerima Dasar Privasi & Syarat Perkhidmatan？","LOGIN_USERAGREEMENT_TIPS_BTN1":"Tidak bersetuju","LOGIN_USERAGREEMENT_TIPS_BTN2":"Setuju","NEW_ENTER_BTN_BECOMEVIP":"","NEW_ENTER_TIPS4":"","NEW_ENTER_TIPS5":"Diperlukan minimal {0} koin untuk masuk. Koin  Anda tidak mencukupi, harap top up.","NEW_HALL_TOP_SERVICE":"Perkhidmatan","NEW_LOGIN_BUTTON_FB":"Log masuk melalui Facebook","QUICK_GAME_TIPS":"Anda belum membuka sebarang permainan baru-baru ini","RP_GAME_EVENTS":"Masa Yang Tinggal","TIPS_CONNECT_SERVER_TIMEOUT":"Kelainan rangkaian, sila cuba sebentar lagi","TIPS_COPY_COMPLETE_URL":"","TIPS_HOT_UPDATE1":"Kemas kini arahan","TIPS_HOT_UPDATE2":"Versi baharu telah dikeluarkan, sila teruskan permainan selepas mengemas kini","TIPS_LOAD_1":"Masa pemuatan pertama lebih lama, harap bersabar","TIPS_LOAD_ASSET_TIMEOUT":"","TIPS_LOG_DEVICE":"Akaun anda telah log masuk ke peranti lain, sila periksa dan log masuk semula.","TIPS_NET_DISCONNECT":"Rangkaian terputus, sila periksa rangkaian","TIPS_NET_RECONNECTING":"Rangkaian menyambung semula, sila tunggu ...","TIPS_NET_RECONNECT_FAIL":"Sambungan rangkaian gagal, sila periksa rangkaian","TIPS_NOTICE_1":"Petunjuk"}]],0,0,[],[],[]]