[1,0,0,[["cc.JsonAsset",["_name","json"],1]],[[0,0,1,3]],[[0,"lang",{"APP_NEW_VERSION":"Discover the new version, go to Download and Install.","BTN_CANCEL":"Cancel","BTN_CONFIRM":"Determine","COMMON_LOADING":"Loading...","COMMON_LOADING_1":"Loading","COMMON_NET_TIMEOUT":"The request timed out. Please try again later","COMMON_TIPS_EXIT":"Press again to exit the game.","ERROR_USUAL_TYPE_10":"Please log in again","GAME_MAINTENANCE":"The game is under maintenance, please come back later","GAME_MAINTENANCE_1":"Game service is abnormal. If you have any questions, please contact customer service.","GAME_MAINTENANCE_SUBGAME":"The game is under maintenance, please try another game first","LAUNCH_GOT":"Ignore","LAUNCH_UPDATED":"Refresh","LOADING_GUEST":"Visitor","LOAD_NEED_UPDATE_HALL":"The game has been updated, please restart the game to continue.","LOAD_STATUS_APP_UPDATE_ING":"Updating to the latest version...","LOAD_STATUS_LOCAL_FAIL":"Resource loading failed, please try again","LOAD_STATUS_LOCAL_ING":"Loading resources...","LOAD_STATUS_LOCAL_START":"Starting resource loading","LOAD_STATUS_LOGIN_ING":"Log in...","LOAD_STATUS_REMOTE_FAIL":"Resource update failed, please try again","LOAD_STATUS_REMOTE_ING":"Updating resources...","LOAD_STATUS_REMOTE_START":"Start resource update","LOAD_STATUS_SERVER_CONNECT_FAIL":"Server connection failed, please try again","LOAD_STATUS_SERVER_CONNECT_ING":"Connecting to the server...","LOGIN_BTN_ACTLOGIN":"Account","LOGIN_MINIENTER_AKUN":"HP Login","LOGIN_MINIENTER_FB":"FB Login","LOGIN_USERAGREEMENT":"I have read and agreed to","LOGIN_USERAGREEMENT_LINK1":"Privacy Policy","LOGIN_USERAGREEMENT_LINK3":"Terms of Service","LOGIN_USERAGREEMENT_TIPS1":"Have you read and agreed to Privacy Policy & Terms of Service？","LOGIN_USERAGREEMENT_TIPS_BTN1":"Disagree","LOGIN_USERAGREEMENT_TIPS_BTN2":"Agree","NEW_ENTER_BTN_BECOMEVIP":"Become a VIP","NEW_ENTER_TIPS4":"Sorry, only VIP players can enter this room.","NEW_ENTER_TIPS5":"You can log in only if you have <color=#DFE314>{0}</c> coins, please recharge","NEW_HALL_TOP_SERVICE":"Service","NEW_LOGIN_BUTTON_FB":"Login with Facebook","QUICK_GAME_TIPS":"You haven't opened any games recently","RP_GAME_EVENTS":"Time remaining","TIPS_CONNECT_SERVER_TIMEOUT":"Network anomaly, please try again later","TIPS_COPY_COMPLETE_URL":"Copy successful, please open the browser to access the link","TIPS_HOT_UPDATE1":"Update instructions","TIPS_HOT_UPDATE2":"A new version has been released, please continue the game after updating","TIPS_LOAD_1":"The first load time is longer, please be patient","TIPS_LOAD_ASSET_TIMEOUT":"Loading time is up, please try again","TIPS_LOG_DEVICE":"Your account has logged on the other device, please check and sign in again.","TIPS_NET_DISCONNECT":"Network disconnected, please check the network","TIPS_NET_RECONNECTING":"Network is reconnecting, please wait...","TIPS_NET_RECONNECT_FAIL":"Network connection failed, please check the network","TIPS_NOTICE_1":"Tip"}]],0,0,[],[],[]]