[1,0,0,[["cc.JsonAsset",["_name","json"],1]],[[0,0,1,3]],[[0,"lang",{"ACCOUNT_BINDING_TIPS":"Ang binding ay matagumpay!","ACCOUNT_ENTER_ERROR":"Mali ang format ng email account, mangyaring suriin.","APPLE_LOGIN_CANCEL":"Kanselahin ang pag-login sa Apple","APPLE_LOGIN_FAIL":"Nabigo ang pag-login sa Apple","APPLE_LOGIN_SUCCESS":"Matagumpay na nag-login ang Apple","APPLE_LOGIN_SYSTEM_INVALID":"Hindi sinusuportahan ng system ng Apple (sinusuportahan lamang ng Apple login ang iOS13 at mas bago)","APPLE_PAY_CANCEL":"Kanselahin ang Pagbabayad","APPLE_PAY_DEVICE_UNABLE_PAY":"Mangyaring paganahin ang pagpapaandar ng pagbabayad ng aparato","APPLE_PAY_ERROR":"error sa Apple Pay","APPLE_PAY_FAIL":"mabigo ang Apple Pay","APPLE_PAY_NO_CONNECT":"Hindi makakonekta sa network","APPLE_PAY_PRIVACY_POLICY":"Kailangang kumpirmahin ng mga gumagamit ang patakaran sa privacy ng Apple","APP_NEW_VERSION":"","BIND_PHONE_REWARD_1":"","BIND_PHONE_TIPS_001":"","BIND_VKODE_UNGET":"","BTN_BACK":"Bumalik","BTN_BINDING":"Magbigkis","BTN_BUY":"BUMILI","BTN_CANCEL":"Cancel","BTN_CONFIRM":"","BTN_NEXT":"susunod na hakbang","BTN_RECEIVE":"","BTN_RECEIVED":"","BTN_START":"","COMMON_ACCOUNT":"Account：","COMMON_ACCOUNT_CREATION":"GUMAWA NG ACCOUNT","COMMON_ACCOUNT_RETAIN":"Mangyaring itago kahit isang account","COMMON_CODE":"Verification code","COMMON_COMINGSOON":"Malapit na…","COMMON_COPY_COMPLETE":"Nakumpleto ang kopya","COMMON_GET_CODE":"Kumuha ng Code","COMMON_INVALID_CODE":"Maling verification code","COMMON_LOADING":"naglo-load…","COMMON_LOADING_1":"naglo-load","COMMON_LOGIN":"Login","COMMON_NET_TIMEOUT":"Nag-time out ang kahilingan. Subukang muli mamaya","COMMON_PASSWORD":"Password：","COMMON_RECEIVE":"Kolekta","COMMON_RECEIVED":"KOLEKTA","COMMON_REGISTER":"Register","COMMON_TIPS_EXIT":"","DUANXIAN_1":"Mayroon ka pa ring mga hindi natapos na laro, mangyaring magpatuloy","ENTRY_SAFE":"","ERROR_USUAL_TYPE_1":"Param na iligal","ERROR_USUAL_TYPE_10":"Mangyaring mag-login muli","ERROR_USUAL_TYPE_10000":"","ERROR_USUAL_TYPE_10001":"","ERROR_USUAL_TYPE_10002":"","ERROR_USUAL_TYPE_10003":"","ERROR_USUAL_TYPE_10004":"","ERROR_USUAL_TYPE_10005":"","ERROR_USUAL_TYPE_10006":"","ERROR_USUAL_TYPE_1002":"","ERROR_USUAL_TYPE_1003":"Bawal ang iyong account","ERROR_USUAL_TYPE_1004":"Wala ang gumagamit","ERROR_USUAL_TYPE_1005":"Gumamit lamang ng system avatar","ERROR_USUAL_TYPE_1006":"Nabigo ang pag-save ng impormasyon sa Facebook","ERROR_USUAL_TYPE_1007":"Ang gumagamit ng Facebook ay nakagapos sa isa pang account","ERROR_USUAL_TYPE_1008":"ang iyong ip o rehiyon ay pinagbawalan upang gamitin ang app","ERROR_USUAL_TYPE_10082":"","ERROR_USUAL_TYPE_10086":"","ERROR_USUAL_TYPE_10089":"","ERROR_USUAL_TYPE_10090":"","ERROR_USUAL_TYPE_10101":"","ERROR_USUAL_TYPE_10102":"","ERROR_USUAL_TYPE_10103":"","ERROR_USUAL_TYPE_10104":"","ERROR_USUAL_TYPE_10105":"","ERROR_USUAL_TYPE_1013":"Natanggap na ang packet","ERROR_USUAL_TYPE_1014":"Nabigo ang pag-login, subukang muli sa ibang pagkakataon","ERROR_USUAL_TYPE_1015":"Ang gumagamit ng Apple ay nakagapos sa isa pang account","ERROR_USUAL_TYPE_1016":"","ERROR_USUAL_TYPE_1017":"Nagamit na ang email","ERROR_USUAL_TYPE_1018":"","ERROR_USUAL_TYPE_1019":"","ERROR_USUAL_TYPE_10201":"","ERROR_USUAL_TYPE_10202":"","ERROR_USUAL_TYPE_1021":"","ERROR_USUAL_TYPE_1022":"","ERROR_USUAL_TYPE_1023":"","ERROR_USUAL_TYPE_1024":"","ERROR_USUAL_TYPE_1025":"","ERROR_USUAL_TYPE_1026":"","ERROR_USUAL_TYPE_12":"","ERROR_USUAL_TYPE_13":"","ERROR_USUAL_TYPE_2":"Limitadong pag-access","ERROR_USUAL_TYPE_2000":"","ERROR_USUAL_TYPE_2001":"Maling password","ERROR_USUAL_TYPE_2002":"Patunayan na mali ang code","ERROR_USUAL_TYPE_2003":"I-verify ang limitasyon sa dalas ng code","ERROR_USUAL_TYPE_2004":"Mayroon nang account. Paki-login","ERROR_USUAL_TYPE_2005":"Hindi nagawa ang impormasyon sa Kyc","ERROR_USUAL_TYPE_2006":"Di-wastong numero ng telepono","ERROR_USUAL_TYPE_2007":"Ang Player ay walang sapat na barya","ERROR_USUAL_TYPE_2008":"Ilegal na coin num","ERROR_USUAL_TYPE_20081":"","ERROR_USUAL_TYPE_20082":"","ERROR_USUAL_TYPE_20083":"","ERROR_USUAL_TYPE_20084":"","ERROR_USUAL_TYPE_20085":"","ERROR_USUAL_TYPE_20086":"","ERROR_USUAL_TYPE_20087":"","ERROR_USUAL_TYPE_20088":"","ERROR_USUAL_TYPE_20089":"","ERROR_USUAL_TYPE_2009":"Ang Player ay walang sapat na brilyante","ERROR_USUAL_TYPE_20090":"","ERROR_USUAL_TYPE_20091":"","ERROR_USUAL_TYPE_20092":"","ERROR_USUAL_TYPE_20093":"","ERROR_USUAL_TYPE_20094":"","ERROR_USUAL_TYPE_20095":"","ERROR_USUAL_TYPE_20096":"","ERROR_USUAL_TYPE_2010":"Ang gumagamit ay walang sapat na bilang ng gulong","ERROR_USUAL_TYPE_2011":"ang gumagamit ay walang sapat na bilang ng pagbabahagi ng regalo","ERROR_USUAL_TYPE_2012":"Mayroon nang email account","ERROR_USUAL_TYPE_2013":"","ERROR_USUAL_TYPE_2014":"","ERROR_USUAL_TYPE_2015":"","ERROR_USUAL_TYPE_2016":"","ERROR_USUAL_TYPE_2017":"","ERROR_USUAL_TYPE_3":"Ina-update ng server, mangyaring maghintay","ERROR_USUAL_TYPE_300":"","ERROR_USUAL_TYPE_3001":"Hindi sinusuportahan ang uri ng pagbabayad","ERROR_USUAL_TYPE_3002":"Lumikha ng error sa recharge","ERROR_USUAL_TYPE_3003":"Nabigo ang TX","ERROR_USUAL_TYPE_3004":"Hindi sapat na pondo","ERROR_USUAL_TYPE_3005":"Natanggap mo na ang item","ERROR_USUAL_TYPE_3006":"Walang magagamit na channel ng bayad.","ERROR_USUAL_TYPE_3007":"Ang turntable ay naka-unlock at hindi mabibili nang paulit-ulit","ERROR_USUAL_TYPE_3008":"Ang limitadong oras na pakete ay binili at hindi mabibili nang paulit-ulit","ERROR_USUAL_TYPE_3009":"Nabili ang antas na package at hindi mabibili nang paulit-ulit","ERROR_USUAL_TYPE_3010":"Ang gold gift pack ay binili at hindi mabibili nang paulit-ulit","ERROR_USUAL_TYPE_3011":"Ang gantimpalang ginto ay na-unlock at hindi mabibili nang paulit-ulit","ERROR_USUAL_TYPE_3012":"Ang turntable ay naka-unlock at hindi mabibili nang paulit-ulit","ERROR_USUAL_TYPE_3013":"Ang mga kalakal ng mas mahusay na swerte ay wala o nag-expire na","ERROR_USUAL_TYPE_3014":"Unsatisfied unlock conditions","ERROR_USUAL_TYPE_3015":"Product conditions are not met","ERROR_USUAL_TYPE_3016":"Currently does not meet the double points condition","ERROR_USUAL_TYPE_3018":"","ERROR_USUAL_TYPE_3019":"","ERROR_USUAL_TYPE_3020":"","ERROR_USUAL_TYPE_4":"Ang channel ay hindi umiiral sa config","ERROR_USUAL_TYPE_4002":"Mali ang laro id","ERROR_USUAL_TYPE_4003":"Hindi nahanap ang switch conf","ERROR_USUAL_TYPE_4004":"","ERROR_USUAL_TYPE_5":"","ERROR_USUAL_TYPE_5001":"Walang gawain","ERROR_USUAL_TYPE_5002":"Walang konteksto ng gawain","ERROR_USUAL_TYPE_6001":"Ang bilang ng mga kaibigan ay umabot sa itaas na limitasyon","ERROR_USUAL_TYPE_6002":"Ang iba pang manlalaro ay hindi mo kaibigan","ERROR_USUAL_TYPE_6003":"Wala ang regalo id","ERROR_USUAL_TYPE_6004":"Nag-apply na, mangyaring maghintay para sa kanilang pahintulot","ERROR_USUAL_TYPE_6005":"Ang ad ay maaaring mai-publish tuwing 10 minuto, mangyaring maging mapagpasensya","ERROR_USUAL_TYPE_6006":"Ang naghanap na gumagamit ay wala","ERROR_USUAL_TYPE_6007":"Nabigong idagdag, ang mga kaibigan ng kabilang partido ay puno.","ERROR_USUAL_TYPE_6008":"","ERROR_USUAL_TYPE_7001":"Ang code sa pagtubos ay hindi wasto, kung mayroon kang anumang mga katanungan, mangyaring makipag-ugnay sa serbisyo sa customer","ERROR_USUAL_TYPE_7002":"","ERROR_USUAL_TYPE_8":"Nabigo ang paggawa ng account, hindi wasto ang mga parameter, mangyaring makipag-ugnayan sa customer service","ERROR_USUAL_TYPE_8001":"","ERROR_USUAL_TYPE_9009":"","EVENT_FIRST_WITHDRAW_TIPS_1":"","FACEBOOK_CANCEL":"Kanselahin ang pag-login sa Facebook","FACEBOOK_ERROR":"Error sa pag-login sa Facebook","FACEBOOK_SHARE_CANCLE":"Kanselahin ang pagbabahagi ng Facebook","FACEBOOK_SHARE_ERROR":"Error sa pagbabahagi ng Facebook","FACEBOOK_SHARE_SUCCESS":"Ang tagumpay sa pagbabahagi ng Facebook","FACEBOOK_SUCCESS":"Kejayaan masuk Facebook","FBINSTANT_PAY_CLIENT_UNSUPPORTED_OPERATION":"","FBINSTANT_PAY_FAIL":"Nabigo ang pagbabayad","FBINSTANT_PAY_NETWORK_FAILURE":"Abnormalidad sa network, mangyaring subukang muli sa ibang pagkakataon","FBINSTANT_PAY_PAYMENTS_NOT_INITIALIZED":"","FBINSTANT_PAY_USER_INPUT":"Kanselahin ang pagbabayad","GAME_ID_CARD_19":"","GAME_MAINTENANCE":"Ang laro ay nasa ilalim ng pagpapanatili, mangyaring mag-log sa paglaon","GAME_MAINTENANCE_1":"May aberya sa serbisyo ng laro, kung may mga tanong mangyaring makipag-ugnayan sa customer service","GAME_MAINTENANCE_SUBGAME":"Ang laro ay nasa ilalim ng pagpapanatili, mangyaring mag-log sa paglaon","GAME_TIMEOUT":"Tapos na ang laro, sinipa ka palabas ng silid","GIFT_CODE_INPUT":"Mangyaring ipasok ang code ng pakete","GOOGLE_LOGIN_FAIL":"Nabigo ang pag-login sa Google","GOOGLE_LOGIN_SUCCESS":"Matagumpay na nag-login ang Google","GOOGLE_PAY_BILLING_UNAVAILABLE":"Mangyaring buksan muna ang google play store","GOOGLE_PAY_ERROR":"Error sa pagbabayad","GOOGLE_PAY_FAIL":"Nabigo ang pagbabayad","GOOGLE_PAY_FEATURE_NOT_SUPPORTED":"Mangyaring i-upgrade muna ang Google Store","GOOGLE_PAY_PERMISSION_BACKGROUND":"Mangyaring buksan muna ang mga pahintulot sa interface ng pop-up sa background ng google play store","GOOGLE_PAY_PURCHASE_STATE_PENDING":"Silakan masuk ke akun asli untuk menyelesaikan pesanan top up yang diterbitkan kembali.","GOOGLE_PAY_SERVICE_DISCONNECTED":"Abnormalidad sa network, mangyaring subukang muli sa ibang pagkakataon","GOOGLE_PAY_SERVICE_TIMEOUT":"Abnormalidad sa network, mangyaring subukang muli sa ibang pagkakataon","GOOGLE_PAY_SERVICE_UNAVAILABLE":"Abnormalidad sa network, mangyaring subukang muli sa ibang pagkakataon","GOOGLE_PAY_USER_CANCELED":"Kanselahin ang pagbabayad","HALL_RECHAGEKOIN":"","HALL_RECHAGEKOIN_AFTER":"","HALL_RECHAGEKOIN_CREDIT":"","HALL_RECHAGEKOIN_MAINTEXT":"","HALL_RECHAGEKOIN_TITLE":"","HALL_TIPS_ID_MODIFY_CONTENT":"","HALL_TIPS_ID_MODIFY_CONTENT_1":"","HALL_TIPS_ID_MODIFY_TITLE":"","INVITATION_TIPS1":"","INVITE_DETAILS_Bonus5":"","ITEM_BUY_SLOW":"","LAUNCH_GOT":"Huwag pansinin","LAUNCH_UPDATED":"Update","LOADING_GUEST":"Bisita","LOAD_NEED_UPDATE_HALL":"","LOAD_STATUS_APP_UPDATE_ING":"","LOAD_STATUS_LOCAL_FAIL":"","LOAD_STATUS_LOCAL_ING":"","LOAD_STATUS_LOCAL_START":"","LOAD_STATUS_LOGIN_ING":"","LOAD_STATUS_REMOTE_FAIL":"","LOAD_STATUS_REMOTE_ING":"","LOAD_STATUS_REMOTE_START":"","LOAD_STATUS_SERVER_CONNECT_FAIL":"","LOAD_STATUS_SERVER_CONNECT_ING":"","LOGIN_ACCOUNTORPASSWORDERROR":"Maling account o password","LOGIN_BTN_ACTLOGIN":"","LOGIN_BTN_ID":"","LOGIN_BTN_PNHONE":"","LOGIN_FORGETFRAME_BTN":"","LOGIN_FORGETFRAME_ENTER1":"","LOGIN_FORGETFRAME_ENTER1_TIPS":"","LOGIN_FORGETFRAME_ENTER2":"","LOGIN_FORGETFRAME_ENTER2_TIPS":"","LOGIN_FORGETFRAME_ENTER3":"","LOGIN_FORGETFRAME_ENTER3_1":"","LOGIN_FORGETFRAME_ENTER3_TIPS":"","LOGIN_FORGETFRAME_ENTER4":"","LOGIN_FORGETFRAME_ENTER4_TIPS":"","LOGIN_FORGETFRAME_TITLE":"","LOGIN_FORGETFRAME_TITLE2":"","LOGIN_FORGETFRAME_VERCODE_FAIL":"","LOGIN_FORGETFRAME_VERCODE_OUT":"","LOGIN_FORGETFRAME_VERCODE_SUCCESS":"","LOGIN_FORGETFRAME_VERPASS":"","LOGIN_FORGETFRAME_WRONGPS":"","LOGIN_FORGETFRAME_WRONGPS2":"","LOGIN_FORGETFRAME_WRONGVC":"","LOGIN_ID_ENTER1_TIPS":"","LOGIN_ID_ERROR_TIPS1":"","LOGIN_ID_ERROR_TIPS2":"","LOGIN_ID_ERROR_TIPS3":"","LOGIN_ID_ERROR_TIPS4":"","LOGIN_ID_TIPS":"","LOGIN_ID_TIPS1":"","LOGIN_INVALIDPHONE":"Ang format ng telepono o email account ay mali, mangyaring suriin","LOGIN_MINIENTER_AKUN":"","LOGIN_MINIENTER_FB":"","LOGIN_PASSWORDTIPS":"Ang password ay dapat na binubuo ng 6-20 na mga digit o titik","LOGIN_PHONENM_ENTER1":"","LOGIN_PHONENM_ENTER1_TIPS":"","LOGIN_PHONENM_ENTER2":"","LOGIN_PHONENM_ENTER2_TIPS":"","LOGIN_PHONENM_FORGET":"","LOGIN_PHONENM_FORGET_ENTERNW":"","LOGIN_PHONENM_FORGET_NOBAND":"","LOGIN_PHONENM_TIPS":"","LOGIN_PHONENM_TITLE":"","LOGIN_PHONENM_WRONGNM":"","LOGIN_PHONENM_WRONGPW":"","LOGIN_USERAGREEMENT":"","LOGIN_USERAGREEMENT_LINK1":"","LOGIN_USERAGREEMENT_LINK3":"","LOGIN_USERAGREEMENT_TIPS1":"","LOGIN_USERAGREEMENT_TIPS_BTN1":"","LOGIN_USERAGREEMENT_TIPS_BTN2":"","MAIL_TIPS_ENTER":"Mangyaring ipasok ang iyong email","NEW_BIND_EMAIL":"","NEW_BIND_EMAILTIPS":"","NEW_EMAIL_BAND_TIPS_1":"","NEW_ENTER_BTN_BECOMEVIP":"","NEW_ENTER_TIPS4":"","NEW_ENTER_TIPS5":"","NEW_HALL_TOP_SERVICE":"","NEW_LOGIN_BUTTON_FB":"","NEW_RESETPSW_INPUTTIP3":"","NEW_RESETPSW_NEWPSW":"","NEW_SET_SOUND":"","NO_ACCESS":"Walang limitasyon ang iyong lugar","PRIVACY_AGREEMENT_1":"","PURCHASE_ERROR_ACCOUNT":"","PURCHASE_FAILURE":"Nabigo","PURCHASE_SUCCESS":"Matagumpay","QUICK_GAME_TIPS":"","RECHARGE_SUCCESS_TIPS":"Ang iyong recharge ay dumating na, mangyaring suriin","ROULETTE_PAY":"Nabigo ang pagbabayad, mangyaring magbayad muli","RP_GAME_EVENTS":"","SETTINGS_DISPLAY_SOUND_MUSIC":"Musika ：","SETTINGS_DISPLAY_SOUND_SOUND":"Epekto:","SETTING_BOUND_TIPS":"","TIPS_CONNECT_SERVER":"Mag-uugnay sa server, mangyaring maghintay…","TIPS_CONNECT_SERVER_TIMEOUT":"Abnormalidad sa network, mangyaring subukang muli sa ibang pagkakataon","TIPS_COPY_COMPLETE_URL":"","TIPS_ERROR_UNKNOWN":"Hindi kilalang error. Pakiulit muli.","TIPS_HOT_UPDATE1":"","TIPS_HOT_UPDATE2":"","TIPS_LINKCOPY_COMPLETE":"Nakumpleto ang kopya ng link","TIPS_LOAD_1":"Ang unang oras ng paglo-load ay mas mahaba, mangyaring maging mapagpasensya","TIPS_LOAD_ASSET_TIMEOUT":"","TIPS_LOG_DEVICE":"Ang iyong account ay naka-log sa iba pang mga aparato, mangyaring suriin at mag-sign in muli.","TIPS_LOG_LIMIT":"Hindi mag-log in dahil sa limitadong lugar","TIPS_NET_DISCONNECT":"Nakakonekta ang network, mangyaring suriin ang network","TIPS_NET_RECONNECTING":"Kumokonekta muli ang network, mangyaring maghintay…","TIPS_NET_RECONNECT_FAIL":"Nabigo ang koneksyon sa network, mangyaring suriin ang network","TIPS_NOTICE_1":"Pahiwatig","TIPS_RECHARGE_ASK":"Oo naman？","TIPS_ROOM_ENTRANCE":"Ang min na entry upang i-play ang larong ito ay","TIPS_ROOM_INFO_UPDATE":"","TIPS_TYPE_2":"Ang pagbubukod ng server, pakisubukan ulit sa ibang pagkakataon","TIPS_VERSION_DOWNLOAD":"Mangyaring i-download ang pinakabagong bersyon.","TIPS_VERSION_UPDATE":"Mangyaring i-update sa bagong bersyon upang magamit ang pagpapaandar na ito.","TITLE_TITLE":"Prompt","USERINFO_DISPLAY_PASSWORD":"Password","USER_AGREEMENT_1":"","VERIFY_ERROR_1":"","VERIFY_ERROR_2":"","VERIFY_ERROR_3":"","VER_ANSWER":"","VER_TEXT":"","VER_TIP_CHECK_TEXT":"","VER_TIP_CHECK_VOICE":"","VER_TIP_CHECK_WHATSAPP":"","VER_VOICE":"","VER_WHATSAPP":"","WITHDRAW_CODE_TIPS1":"","WITHDRAW__NEWTIPS6":"","Withdrawal_USUAL_Btn1":"","Withdrawal_USUAL_Btn2":""}]],0,0,[],[],[]]