[1,0,0,[["cc.JsonAsset",["_name","json"],1]],[[0,0,1,3]],[[0,"lang",{"APP_NEW_VERSION":"नया संस्करण खोजें, डाउनलोड और इंस्टॉल पर जाएं।","BTN_CANCEL":"नहीं","BTN_CONFIRM":"ठानना","COMMON_LOADING":"लोड हो रहा है...","COMMON_LOADING_1":"लोड हो रहा है","COMMON_NET_TIMEOUT":"अनुरोध समय समाप्त हो गया। कृपया बाद में पुनः प्रयास करें","COMMON_TIPS_EXIT":"खेल से बाहर निकलने के लिए फिर से दबाएँ.","ERROR_USUAL_TYPE_10":"कृपया फिर भाग लें","GAME_MAINTENANCE":"खेल रखरखाव के अधीन है, कृपया बाद में लॉग इन करें","GAME_MAINTENANCE_1":"गेम सेवा असामान्य है। यदि आपके कोई प्रश्न हैं, तो कृपया ग्राहक सेवा से संपर्क करें।","GAME_MAINTENANCE_SUBGAME":"खेल रखरखाव के अधीन है, कृपया बाद में लॉग इन करें","LAUNCH_GOT":"नज़रअंदाज़ करना","LAUNCH_UPDATED":"अपडेट करें","LOADING_GUEST":"अतिथि","LOAD_NEED_UPDATE_HALL":"गेम अपडेट कर दिया गया है, जारी रखने के लिए कृपया गेम को पुनरारंभ करें।","LOAD_STATUS_APP_UPDATE_ING":"नवीनतम संस्करण में अद्यतन किया जा रहा है...","LOAD_STATUS_LOCAL_FAIL":"संसाधन लोडिंग विफल, कृपया पुनः प्रयास करें","LOAD_STATUS_LOCAL_ING":"संसाधन लोड हो रहे हैं...","LOAD_STATUS_LOCAL_START":"संसाधन लोडिंग प्रारंभ करना","LOAD_STATUS_LOGIN_ING":"लॉग इन करें...","LOAD_STATUS_REMOTE_FAIL":"संसाधन अद्यतन विफल, कृपया पुनः प्रयास करें","LOAD_STATUS_REMOTE_ING":"संसाधन अपडेट हो रहे हैं...","LOAD_STATUS_REMOTE_START":"संसाधन अद्यतन प्रारंभ करें","LOAD_STATUS_SERVER_CONNECT_FAIL":"सर्वर कनेक्शन विफल, कृपया पुनः प्रयास करें","LOAD_STATUS_SERVER_CONNECT_ING":"सर्वर से कनेक्ट हो रहा है...","LOGIN_BTN_ACTLOGIN":"खाता","LOGIN_MINIENTER_AKUN":"एचपी लॉगिन","LOGIN_MINIENTER_FB":"एफबी भाग लेना","LOGIN_USERAGREEMENT":"मैंने पढ़ लिया है और सहमत हूं","LOGIN_USERAGREEMENT_LINK1":"गोपनीयता नीति","LOGIN_USERAGREEMENT_LINK3":"सेवा की शर्तें","LOGIN_USERAGREEMENT_TIPS1":"क्या आपने गोपनीयता नीति और सेवा की शर्तों को पढ़ लिया है और उनसे सहमत हैं?","LOGIN_USERAGREEMENT_TIPS_BTN1":"असहमत","LOGIN_USERAGREEMENT_TIPS_BTN2":"सहमत","NEW_ENTER_BTN_BECOMEVIP":"वीआईपी बनें","NEW_ENTER_TIPS4":"क्षमा करें, केवल वीआईपी खिलाड़ी ही इस कमरे में प्रवेश कर सकते हैं।","NEW_ENTER_TIPS5":"आप केवल तभी लॉग इन कर सकते हैं जब आपके पास <color=#DFE314>{0}</c> सिक्के हों, कृपया रिचार्ज करें","NEW_HALL_TOP_SERVICE":"सेवा","NEW_LOGIN_BUTTON_FB":"फ़ेसबुक लॉगिन करें","QUICK_GAME_TIPS":"आपने हाल ही में कोई खेल नहीं खोला है।","RP_GAME_EVENTS":"शेष समय","TIPS_CONNECT_SERVER_TIMEOUT":"नेटवर्क असामान्यता, कृपया बाद में पुनः प्रयास करें","TIPS_COPY_COMPLETE_URL":"प्रतिलिपि सफल, कृपया लिंक तक पहुँचने के लिए ब्राउज़र खोलें","TIPS_HOT_UPDATE1":"अद्यतन अनुदेश","TIPS_HOT_UPDATE2":"एक नया संस्करण जारी किया गया है, कृपया अपडेट करने के बाद गेम जारी रखें","TIPS_LOAD_1":"पहली लोडिंग समय अधिक है, कृपया धैर्य रखें","TIPS_LOAD_ASSET_TIMEOUT":"लोडिंग का समय समाप्त हो गया है, कृपया पुनः प्रयास करें","TIPS_LOG_DEVICE":"आपका खाता दूसरी डिवाइस पर लॉग इन किया है, कृपया जाँच करें और फिर से साइन इन करें।","TIPS_NET_DISCONNECT":"नेटवर्क डिस्कनेक्ट हो गया है, कृपया नेटवर्क की जांच करें","TIPS_NET_RECONNECTING":"नेटवर्क पुन: कनेक्ट हो रहा है, कृपया प्रतीक्षा करें ...","TIPS_NET_RECONNECT_FAIL":"नेटवर्क कनेक्शन विफल, कृपया नेटवर्क की जाँच करें","TIPS_NOTICE_1":"संकेत देना"}]],0,0,[],[],[]]