[1,0,0,[["cc.JsonAsset",["_name","json"],1]],[[0,0,1,3]],[[0,"lang",{"APP_NEW_VERSION":"发现新版本，请前往下载并安装。","BTN_CANCEL":"取消","BTN_CONFIRM":"确定","COMMON_LOADING":"加载…","COMMON_LOADING_1":"加载","COMMON_NET_TIMEOUT":"请求超时，请重新尝试","COMMON_TIPS_EXIT":"再按一次退出游戏.","ERROR_USUAL_TYPE_10":"请重新登录","GAME_MAINTENANCE":"游戏维护中，请稍后登錄","GAME_MAINTENANCE_1":"游戏服务异常，若有疑问请联系客服","GAME_MAINTENANCE_SUBGAME":"该游戏正在维护中，请先体验其它游戏","LAUNCH_GOT":"忽略","LAUNCH_UPDATED":"更新","LOADING_GUEST":"游客","LOAD_NEED_UPDATE_HALL":"游戏已更新，请重启游戏以继续。","LOAD_STATUS_APP_UPDATE_ING":"正在更新最新版本…","LOAD_STATUS_LOCAL_FAIL":"资源加载失败，请重新尝试","LOAD_STATUS_LOCAL_ING":"正在加载资源…","LOAD_STATUS_LOCAL_START":"开始加载资源","LOAD_STATUS_LOGIN_ING":"正在登录…","LOAD_STATUS_REMOTE_FAIL":"资源更新失败，请重新尝试","LOAD_STATUS_REMOTE_ING":"正在更新资源…","LOAD_STATUS_REMOTE_START":"开始更新资源","LOAD_STATUS_SERVER_CONNECT_FAIL":"服务器连接失败，请重新尝试","LOAD_STATUS_SERVER_CONNECT_ING":"正在连接服务器…","LOGIN_BTN_ACTLOGIN":"账号","LOGIN_MINIENTER_AKUN":"手机登陆","LOGIN_MINIENTER_FB":"FB登陆","LOGIN_USERAGREEMENT":"我已阅读并同意","LOGIN_USERAGREEMENT_LINK1":"《隐私政策》","LOGIN_USERAGREEMENT_LINK3":"《服务条款》","LOGIN_USERAGREEMENT_TIPS1":"您是否已阅读并同意《隐私政策》和《服务条款》？","LOGIN_USERAGREEMENT_TIPS_BTN1":"不同意","LOGIN_USERAGREEMENT_TIPS_BTN2":"同意","NEW_ENTER_BTN_BECOMEVIP":"成为VIP","NEW_ENTER_TIPS4":"很抱歉，该房间只有VIP才可以进入。","NEW_ENTER_TIPS5":"至少拥有<color=#DFE314>{0}</c>才可进入，请充值","NEW_HALL_TOP_SERVICE":"客服","NEW_LOGIN_BUTTON_FB":"Facebook 登录","QUICK_GAME_TIPS":"你最近没有打开过任何游戏","RP_GAME_EVENTS":"剩余时间","TIPS_CONNECT_SERVER_TIMEOUT":"网络异常，请稍后重试","TIPS_COPY_COMPLETE_URL":"复制成功，请打开浏览器访问链接","TIPS_HOT_UPDATE1":"更新提示","TIPS_HOT_UPDATE2":"全新版本已发布，请更新后继续游戏","TIPS_LOAD_1":"首次加载时间较长，请耐心等待","TIPS_LOAD_ASSET_TIMEOUT":"加载超时，请重试","TIPS_LOG_DEVICE":"您的帐号已经在其他设备端登录,请核实并重新登录。","TIPS_NET_DISCONNECT":"网络已中断，请检查网络","TIPS_NET_RECONNECTING":"网络正在重连，请稍等……","TIPS_NET_RECONNECT_FAIL":"网络连接失败，请检查网络","TIPS_NOTICE_1":"提示"}]],0,0,[],[],[]]