[1,0,0,[["cc.JsonAsset",["_name","json"],1]],[[0,0,1,3]],[[0,"lang",{"APP_NEW_VERSION":"发现新版本，请前往下载并安装。","BTN_CANCEL":"取消","BTN_CONFIRM":"确定","COMMON_LOADING":"加載…","COMMON_LOADING_1":"加載","COMMON_NET_TIMEOUT":"請求超時，請重新嘗試","COMMON_TIPS_EXIT":"再按一次退出遊戲.","ERROR_USUAL_TYPE_10":"請重新登錄","GAME_MAINTENANCE":"遊戲維護中，請稍後登錄","GAME_MAINTENANCE_1":"遊戲服務異常，若有疑問請聯繫客服","GAME_MAINTENANCE_SUBGAME":"該遊戲正在維護中，請先體驗其它遊戲","LAUNCH_GOT":"忽略","LAUNCH_UPDATED":"更新","LOADING_GUEST":"遊客","LOAD_NEED_UPDATE_HALL":"遊戲已更新，請重啟遊戲以繼續。","LOAD_STATUS_APP_UPDATE_ING":"正在更新最新版本…","LOAD_STATUS_LOCAL_FAIL":"資源加載失敗，請重新嘗試","LOAD_STATUS_LOCAL_ING":"正在加載資源…","LOAD_STATUS_LOCAL_START":"開始加載資源","LOAD_STATUS_LOGIN_ING":"正在登錄…","LOAD_STATUS_REMOTE_FAIL":"資源更新失敗，請重新嘗試","LOAD_STATUS_REMOTE_ING":"正在更新資源…","LOAD_STATUS_REMOTE_START":"開始更新資源","LOAD_STATUS_SERVER_CONNECT_FAIL":"服務器連接失敗，請重新嘗試","LOAD_STATUS_SERVER_CONNECT_ING":"正在連接服務器…","LOGIN_BTN_ACTLOGIN":"賬號","LOGIN_MINIENTER_AKUN":"手机登陆","LOGIN_MINIENTER_FB":"FB登陆","LOGIN_USERAGREEMENT":"我已閱讀並同意","LOGIN_USERAGREEMENT_LINK1":"《隱私政策》","LOGIN_USERAGREEMENT_LINK3":"《服務條款》","LOGIN_USERAGREEMENT_TIPS1":"您是否已閱讀並同意《隱私政策》和《服務條款》？","LOGIN_USERAGREEMENT_TIPS_BTN1":"不同意","LOGIN_USERAGREEMENT_TIPS_BTN2":"同意","NEW_ENTER_BTN_BECOMEVIP":"成為VIP","NEW_ENTER_TIPS4":"很抱歉，該房間只有VIP才可以進入。","NEW_ENTER_TIPS5":"至少擁有<color=#DFE314>{0}</c>才可進入，請充值","NEW_HALL_TOP_SERVICE":"客服","NEW_LOGIN_BUTTON_FB":"Facebook 登錄","QUICK_GAME_TIPS":"","RP_GAME_EVENTS":"剩餘時間","TIPS_CONNECT_SERVER_TIMEOUT":"網絡異常，請稍後重試","TIPS_COPY_COMPLETE_URL":"复制成功，请打开浏览器访问链接","TIPS_HOT_UPDATE1":"更新提示","TIPS_HOT_UPDATE2":"全新版本已發布，請更新後繼續遊戲","TIPS_LOAD_1":"首次加載時間較長，請耐心等待","TIPS_LOAD_ASSET_TIMEOUT":"加載超時，請重試","TIPS_LOG_DEVICE":"您的帳號已經在其他設備端登錄,請核實並重新登錄。","TIPS_NET_DISCONNECT":"網絡已中斷，請檢查網絡","TIPS_NET_RECONNECTING":"網絡正在重連，請稍等……","TIPS_NET_RECONNECT_FAIL":"網絡連接失敗，請檢查網絡","TIPS_NOTICE_1":"提示"}]],0,0,[],[],[]]