[1,0,0,[["cc.JsonAsset",["_name","json"],1]],[[0,0,1,3]],[[0,"lang",{"APP_NEW_VERSION":"Descubra a nova versão, vá para Download e instalação.","BTN_CANCEL":"Cancelar","BTN_CONFIRM":"Determinar","COMMON_LOADING":"Carregando...","COMMON_LOADING_1":"Carregando","COMMON_NET_TIMEOUT":"O pedido expirou. Por favor, tente novamente mais tarde.","COMMON_TIPS_EXIT":"Pressione novamente para sair do jogo.","ERROR_USUAL_TYPE_10":"Por favor, faça login novamente","GAME_MAINTENANCE":"O jogo está em manutenção, por favor, volte mais tarde","GAME_MAINTENANCE_1":"O serviço do jogo está anormal. Se você tiver alguma dúvida, entre em contato com o atendimento ao cliente.","GAME_MAINTENANCE_SUBGAME":"O jogo está em manutenção, por favor, experimente outro jogo primeiro","LAUNCH_GOT":"Ignorar","LAUNCH_UPDATED":"Atualizar","LOADING_GUEST":"Visitante","LOAD_NEED_UPDATE_HALL":"O jogo foi atualizado, por favor, reinicie o jogo para continuar.","LOAD_STATUS_APP_UPDATE_ING":"Actualizando a la última versión...","LOAD_STATUS_LOCAL_FAIL":"Error al cargar recursos, por favor intenta de nuevo","LOAD_STATUS_LOCAL_ING":"Cargando recursos...","LOAD_STATUS_LOCAL_START":"Comenzando la carga de recursos","LOAD_STATUS_LOGIN_ING":"Iniciando sesión...","LOAD_STATUS_REMOTE_FAIL":"Error en la actualización de recursos, por favor intenta de nuevo","LOAD_STATUS_REMOTE_ING":"Actualizando recursos...","LOAD_STATUS_REMOTE_START":"Comenzar la actualización de recursos","LOAD_STATUS_SERVER_CONNECT_FAIL":"Falla de conexión al servidor, por favor intenta de nuevo","LOAD_STATUS_SERVER_CONNECT_ING":"Conectando al servidor...","LOGIN_BTN_ACTLOGIN":"Conta","LOGIN_MINIENTER_AKUN":"Login HP","LOGIN_MINIENTER_FB":"Login FB","LOGIN_USERAGREEMENT":"Li e concordo com","LOGIN_USERAGREEMENT_LINK1":"Política de Privacidade","LOGIN_USERAGREEMENT_LINK3":"Termos de Serviço","LOGIN_USERAGREEMENT_TIPS1":"Você leu e concordou com a Política de Privacidade & Termos de Serviço?","LOGIN_USERAGREEMENT_TIPS_BTN1":"Discordar","LOGIN_USERAGREEMENT_TIPS_BTN2":"Concordar","NEW_ENTER_BTN_BECOMEVIP":"Torne-se um VIP","NEW_ENTER_TIPS4":"Desculpe, apenas jogadores VIP podem entrar nesta sala.","NEW_ENTER_TIPS5":"Você só pode fazer login se tiver <color=#DFE314>{0}</c> moedas, por favor, recarregue","NEW_HALL_TOP_SERVICE":"Serviço","NEW_LOGIN_BUTTON_FB":"Entrar com o Facebook","QUICK_GAME_TIPS":"Você não abriu nenhum jogo recentemente","RP_GAME_EVENTS":"Tempo Restante","TIPS_CONNECT_SERVER_TIMEOUT":"Anomalia de rede, por favor tente novamente mais tarde","TIPS_COPY_COMPLETE_URL":"Cópia bem-sucedida, por favor, abra o navegador para acessar o link","TIPS_HOT_UPDATE1":"Instruções de atualização","TIPS_HOT_UPDATE2":"Uma nova versão foi lançada, por favor, continue o jogo após atualizar","TIPS_LOAD_1":"O tempo de carregamento inicial é mais longo, por favor tenha paciência","TIPS_LOAD_ASSET_TIMEOUT":"O tempo de carregamento expirou, por favor, tente novamente","TIPS_LOG_DEVICE":"Sua conta foi conectada em outro dispositivo, por favor, verifique e faça login novamente.","TIPS_NET_DISCONNECT":"Rede desconectada, por favor, verifique a rede","TIPS_NET_RECONNECTING":"A rede está se reconectando, por favor, aguarde...","TIPS_NET_RECONNECT_FAIL":"Falha na conexão de rede, por favor, verifique a rede","TIPS_NOTICE_1":"Dica"}]],0,0,[],[],[]]