[1,0,0,[["cc.JsonAsset",["_name","json"],1]],[[0,0,1,3]],[[0,"lang",{"APP_NEW_VERSION":"Khám phá phiên bản mới, hãy tải xuống và cài đặt.","BTN_CANCEL":"Hủy.","BTN_CONFIRM":"Xác định.","COMMON_LOADING":"Đang tải...","COMMON_LOADING_1":"Đang tải.","COMMON_NET_TIMEOUT":"Yêu cầu đã hết thời gian. Vui lòng thử lại sau.","COMMON_TIPS_EXIT":"Nhấn lại để thoát khỏi trò chơi.","ERROR_USUAL_TYPE_10":"Vui lòng đăng nhập lại","GAME_MAINTENANCE":"Trò chơi đang bảo trì, vui lòng quay lại sau","GAME_MAINTENANCE_1":"Dịch vụ trò chơi gặp sự cố. Nếu bạn có bất kỳ câu hỏi nào, vui lòng liên hệ với dịch vụ khách hàng.","GAME_MAINTENANCE_SUBGAME":"Trò chơi đang bảo trì, vui lòng thử trò chơi khác trước","LAUNCH_GOT":"Bỏ qua.","LAUNCH_UPDATED":"Tải lại.","LOADING_GUEST":"Khách.","LOAD_NEED_UPDATE_HALL":"Trò chơi đã được cập nhật, vui lòng khởi động lại trò chơi để tiếp tục.","LOAD_STATUS_APP_UPDATE_ING":"Đang cập nhật lên phiên bản mới nhất...","LOAD_STATUS_LOCAL_FAIL":"Tải tài nguyên không thành công, vui lòng thử lại","LOAD_STATUS_LOCAL_ING":"Đang tải tài nguyên...","LOAD_STATUS_LOCAL_START":"Bắt đầu tải tài nguyên","LOAD_STATUS_LOGIN_ING":"Đăng nhập...","LOAD_STATUS_REMOTE_FAIL":"Cập nhật tài nguyên không thành công, vui lòng thử lại","LOAD_STATUS_REMOTE_ING":"Đang cập nhật tài nguyên...","LOAD_STATUS_REMOTE_START":"Bắt đầu cập nhật tài nguyên","LOAD_STATUS_SERVER_CONNECT_FAIL":"Kết nối máy chủ không thành công, vui lòng thử lại","LOAD_STATUS_SERVER_CONNECT_ING":"Đang kết nối đến máy chủ...","LOGIN_BTN_ACTLOGIN":"Tài khoản.","LOGIN_MINIENTER_AKUN":"Đăng nhập HP.","LOGIN_MINIENTER_FB":"Đăng nhập FB.","LOGIN_USERAGREEMENT":"Tôi đã đọc và đồng ý với","LOGIN_USERAGREEMENT_LINK1":"Chính sách bảo mật.","LOGIN_USERAGREEMENT_LINK3":"Điều khoản dịch vụ.","LOGIN_USERAGREEMENT_TIPS1":"Bạn đã đọc và đồng ý với Chính sách bảo mật & Điều khoản dịch vụ chưa?","LOGIN_USERAGREEMENT_TIPS_BTN1":"Không đồng ý.","LOGIN_USERAGREEMENT_TIPS_BTN2":"Đồng ý.","NEW_ENTER_BTN_BECOMEVIP":"Trở thành VIP.","NEW_ENTER_TIPS4":"Xin lỗi, chỉ có người chơi VIP mới có thể vào phòng này.","NEW_ENTER_TIPS5":"Bạn chỉ có thể đăng nhập nếu có <color=#DFE314>{0}</c> đồng, vui lòng nạp thêm.","NEW_HALL_TOP_SERVICE":"Dịch vụ.","NEW_LOGIN_BUTTON_FB":"Đăng nhập bằng Facebook.","QUICK_GAME_TIPS":"Bạn chưa mở trò chơi nào gần đây.","RP_GAME_EVENTS":"Thời gian còn lại","TIPS_CONNECT_SERVER_TIMEOUT":"Bất thường mạng, vui lòng thử lại sau.","TIPS_COPY_COMPLETE_URL":"Sao chép thành công, vui lòng mở trình duyệt để truy cập liên kết.","TIPS_HOT_UPDATE1":"Hướng dẫn cập nhật.","TIPS_HOT_UPDATE2":"Một phiên bản mới đã được phát hành, vui lòng tiếp tục trò chơi sau khi cập nhật.","TIPS_LOAD_1":"Thời gian tải lần đầu tiên lâu hơn, vui lòng kiên nhẫn.","TIPS_LOAD_ASSET_TIMEOUT":"Thời gian tải đã hết, vui lòng thử lại.","TIPS_LOG_DEVICE":"Tài khoản của bạn đã đăng nhập trên thiết bị khác, vui lòng kiểm tra và đăng nhập lại.","TIPS_NET_DISCONNECT":"Mạng đã bị ngắt, vui lòng kiểm tra mạng.","TIPS_NET_RECONNECTING":"Mạng đang kết nối lại, vui lòng chờ...","TIPS_NET_RECONNECT_FAIL":"Kết nối mạng không thành công, vui lòng kiểm tra mạng.","TIPS_NOTICE_1":"Mẹo."}]],0,0,[],[],[]]