[1,0,0,[["cc.JsonAsset",["_name","json"],1]],[[0,0,1,3]],[[0,"lang",{"APP_NEW_VERSION":"Descubra la nueva versión, vaya a Descargar e instalar.","BTN_CANCEL":"Cancelar","BTN_CONFIRM":"Aceptar","COMMON_LOADING":"Cargando...","COMMON_LOADING_1":"Cargando","COMMON_NET_TIMEOUT":"Tiempo de espera agotado, por favor inténtalo nuevamente","COMMON_TIPS_EXIT":"Pulsa de nuevo para salir del juego.","ERROR_USUAL_TYPE_10":"Por favor inicia sesión de nuevo.","GAME_MAINTENANCE":"El juego está en mantenimiento, por favor inicia sesión más tarde","GAME_MAINTENANCE_1":"El servicio del juego es anormal. Si tienes alguna pregunta, por favor contacta al servicio al cliente.","GAME_MAINTENANCE_SUBGAME":"Este juego está en mantenimiento, por favor prueba otros juegos primero","LAUNCH_GOT":"Ignorar","LAUNCH_UPDATED":"Actualizar","LOADING_GUEST":"Invitado","LOAD_NEED_UPDATE_HALL":"El juego se ha actualizado, por favor reinicia el juego para continuar.","LOAD_STATUS_APP_UPDATE_ING":"Actualizando a la última versión...","LOAD_STATUS_LOCAL_FAIL":"Error al cargar recursos. Por favor, inténtalo de nuevo.","LOAD_STATUS_LOCAL_ING":"Cargando recursos...","LOAD_STATUS_LOCAL_START":"Comenzando a cargar recursos","LOAD_STATUS_LOGIN_ING":"Iniciando sesión...","LOAD_STATUS_REMOTE_FAIL":"Error al actualizar recursos. Por favor, inténtalo de nuevo.","LOAD_STATUS_REMOTE_ING":"Actualizando recursos...","LOAD_STATUS_REMOTE_START":"Comenzando a actualizar recursos","LOAD_STATUS_SERVER_CONNECT_FAIL":"Fallo al conectar al servidor. Por favor, inténtalo de nuevo.","LOAD_STATUS_SERVER_CONNECT_ING":"Conectando al servidor...","LOGIN_BTN_ACTLOGIN":"Cuenta","LOGIN_MINIENTER_AKUN":"Inicio de sesión móvil","LOGIN_MINIENTER_FB":"Inicio de sesión FB","LOGIN_USERAGREEMENT":"He leído y acepto","LOGIN_USERAGREEMENT_LINK1":"Política de Privacidad","LOGIN_USERAGREEMENT_LINK3":"Términos de servicio","LOGIN_USERAGREEMENT_TIPS1":"¿Has leído y aceptas la \"Política de Privacidad\" y el \"Acuerdo del","LOGIN_USERAGREEMENT_TIPS_BTN1":"Disentir","LOGIN_USERAGREEMENT_TIPS_BTN2":"Concordar","NEW_ENTER_BTN_BECOMEVIP":"Convertirse en VIP","NEW_ENTER_TIPS4":"Lo siento, solo los miembros VIP pueden entrar en esta sala.","NEW_ENTER_TIPS5":"Necesitas tener al menos <color=#DFE314>{0}</c> para entrar, por favor recarga","NEW_HALL_TOP_SERVICE":"Servicio","NEW_LOGIN_BUTTON_FB":"Iniciar sesión con Facebook","QUICK_GAME_TIPS":"No has abierto ningún juego recientemente","RP_GAME_EVENTS":"Tiempo restante","TIPS_CONNECT_SERVER_TIMEOUT":"Error de red, por favor intenta más tarde","TIPS_COPY_COMPLETE_URL":"Copia exitosa, abre el enlace en el navegador","TIPS_HOT_UPDATE1":"Actualización.","TIPS_HOT_UPDATE2":"Se ha publicado una nueva versión, continúe el juego después de la actualización.","TIPS_LOAD_1":"La primera carga toma más tiempo, por favor ten paciencia","TIPS_LOAD_ASSET_TIMEOUT":"Tiempo de carga agotado, por favor inténtalo de nuevo.","TIPS_LOG_DEVICE":"Su cuenta ya ha iniciado sesión en otro dispositivo, por favor verifique y vuelva a iniciar sesión.","TIPS_NET_DISCONNECT":"La red se ha interrumpido, por favor revise la red.","TIPS_NET_RECONNECTING":"La red se está reconectando, por favor espere...","TIPS_NET_RECONNECT_FAIL":"Fallo en la conexión a Internet, por favor revise la red.","TIPS_NOTICE_1":"Pista"}]],0,0,[],[],[]]