[1,0,0,[["cc.JsonAsset",["_name","json"],1]],[[0,0,1,3]],[[0,"lang",{"APP_NEW_VERSION":"","BTN_CANCEL":"ยกเลิก","BTN_CONFIRM":"ยืนยัน","COMMON_LOADING":"กำลังโหลด...","COMMON_LOADING_1":"กำลังโหลด","COMMON_NET_TIMEOUT":"คำขอหมดเวลา โปรดลองใหม่อีกครั้ง","COMMON_TIPS_EXIT":"กดอีกครั้งเพื่อออกจากเกม","ERROR_USUAL_TYPE_10":"กรุณาเข้าสู่ระบบอีกครั้ง","GAME_MAINTENANCE":"เกมอยู่ระหว่างการบำรุงรักษา โปรดล็อกอินในภายหลัง","GAME_MAINTENANCE_1":"บริการเกมมีข้อผิดพลาด หากมีข้อสงสัยโปรดติดต่อฝ่ายบริการลูกค้า","GAME_MAINTENANCE_SUBGAME":"เกมนี้กำลังอยู่ระหว่างการบำรุงรักษา โปรดลองเล่นเกมอื่น","LAUNCH_GOT":"เพิกเฉย","LAUNCH_UPDATED":"อัปเดต","LOADING_GUEST":"ผู้เยี่ยมชม","LOAD_NEED_UPDATE_HALL":"เกมได้รับการอัปเดต กรุณารีสตาร์ทเกมเพื่อดำเนินการต่อ","LOAD_STATUS_APP_UPDATE_ING":"กำลังอัปเดตเป็นเวอร์ชันล่าสุด...","LOAD_STATUS_LOCAL_FAIL":"การโหลดแหล่งข้อมูลล้มเหลว กรุณาลองใหม่อีกครั้ง","LOAD_STATUS_LOCAL_ING":"กำลังโหลดแหล่งข้อมูล...","LOAD_STATUS_LOCAL_START":"เริ่มโหลดแหล่งข้อมูล","LOAD_STATUS_LOGIN_ING":"กำลังเข้าสู่ระบบ...","LOAD_STATUS_REMOTE_FAIL":"การอัปเดตแหล่งข้อมูลล้มเหลว กรุณาลองใหม่อีกครั้ง","LOAD_STATUS_REMOTE_ING":"กำลังอัปเดตแหล่งข้อมูล...","LOAD_STATUS_REMOTE_START":"เริ่มอัปเดตแหล่งข้อมูล","LOAD_STATUS_SERVER_CONNECT_FAIL":"การเชื่อมต่อกับเซิร์ฟเวอร์ล้มเหลว กรุณาลองใหม่อีกครั้ง","LOAD_STATUS_SERVER_CONNECT_ING":"กำลังเชื่อมต่อกับเซิร์ฟเวอร์...","LOGIN_BTN_ACTLOGIN":"บัญชี","LOGIN_MINIENTER_AKUN":"ล็อกอินโทรศัพท์มือถือ","LOGIN_MINIENTER_FB":"ล็อกอินผ่าน Facebook","LOGIN_USERAGREEMENT":"ฉันได้อ่านและยอมรับ","LOGIN_USERAGREEMENT_LINK1":"《นโยบายความเป็นส่วนตัว》","LOGIN_USERAGREEMENT_LINK3":"《ข้อกำหนดในการให้บริการ》","LOGIN_USERAGREEMENT_TIPS1":"คุณได้อ่านและยอมรับ《นโยบายความเป็นส่วนตัว》และ《ข้อกำหนดในการให้บริการ》หรือยัง?","LOGIN_USERAGREEMENT_TIPS_BTN1":"ไม่ยอมรับ","LOGIN_USERAGREEMENT_TIPS_BTN2":"ยอมรับ","NEW_ENTER_BTN_BECOMEVIP":"เป็นสมาชิก VIP","NEW_ENTER_TIPS4":"ขออภัย ห้องนี้สามารถเข้าได้เฉพาะสมาชิก VIP","NEW_ENTER_TIPS5":"คุณต้องมีอย่างน้อย <color=#DFE314>{0}</c> เพื่อเข้าร่วม กรุณาเติมเงิน","NEW_HALL_TOP_SERVICE":"ลูกค้า","NEW_LOGIN_BUTTON_FB":"เข้าสู่ระบบผ่าน Facebook","QUICK_GAME_TIPS":"คุณยังไม่ได้เปิดเกมไหนเมื่อเร็วๆ นี้","RP_GAME_EVENTS":"เวลาที่เหลือ","TIPS_CONNECT_SERVER_TIMEOUT":"การเชื่อมต่อเครือข่ายผิดปกติ โปรดลองอีกครั้งในภายหลัง","TIPS_COPY_COMPLETE_URL":"คัดลอกสำเร็จ โปรดเปิดเว็บเบราว์เซอร์และเข้าถึงลิงก์","TIPS_HOT_UPDATE1":"คำแนะนำในการอัปเดต","TIPS_HOT_UPDATE2":"มีการอัปเดตเวอร์ชันใหม่ โปรดอัปเดตและเริ่มเล่นต่อ","TIPS_LOAD_1":"เวลาโหลดครั้งแรกอาจใช้เวลานาน โปรดรอสักครู่","TIPS_LOAD_ASSET_TIMEOUT":"โหลดเวลาหมดเวลา กรุณาลองอีกครั้ง","TIPS_LOG_DEVICE":"บัญชีของคุณเข้าสู่ระบบจากอุปกรณ์อื่น โปรดตรวจสอบและเข้าสู่ระบบอีกครั้ง","TIPS_NET_DISCONNECT":"การเชื่อมต่อเครือข่ายถูกตัด โปรดตรวจสอบเครือข่ายของคุณ","TIPS_NET_RECONNECTING":"กำลังเชื่อมต่อเครือข่ายใหม่ โปรดรอสักครู่...","TIPS_NET_RECONNECT_FAIL":"การเชื่อมต่อเครือข่ายล้มเหลว โปรดตรวจสอบการเชื่อมต่อเครือข่าย","TIPS_NOTICE_1":"คำแนะนำ"}]],0,0,[],[],[]]