[1,0,0,[["cc.JsonAsset",["_name","json"],1]],[[0,0,1,3]],[[0,"lang",{"APP_NEW_VERSION":"Temukan versi baru, buka Unduh dan Instal.","BTN_CANCEL":"Batal","BTN_CONFIRM":"Konfirmasi","COMMON_LOADING":"Loading...","COMMON_LOADING_1":"Loading","COMMON_NET_TIMEOUT":"Waktu permintaan habis, coba lagi","COMMON_TIPS_EXIT":"Tekan lagi untuk keluar dari permainan.","ERROR_USUAL_TYPE_10":"Silahkan login kembali","GAME_MAINTENANCE":"Game sedang dalam perbaikan, silakan masuk nanti","GAME_MAINTENANCE_1":"Layanan game tidak normal. Jika Anda memiliki pertanyaan, silakan hubungi layanan pelanggan.","GAME_MAINTENANCE_SUBGAME":"Game sedang dalam pemeliharaan, silakan coba game lain terlebih dahulu","LAUNCH_GOT":"Mengabaikan","LAUNCH_UPDATED":"Memperbarui","LOADING_GUEST":"Pengunjung","LOAD_NEED_UPDATE_HALL":"Game telah diperbarui, silakan restart game untuk melanjutkan","LOAD_STATUS_APP_UPDATE_ING":"Memperbarui ke versi terbaru...","LOAD_STATUS_LOCAL_FAIL":"Pemuatan sumber daya gagal, silakan coba lagi","LOAD_STATUS_LOCAL_ING":"Memuat sumber daya...","LOAD_STATUS_LOCAL_START":"Mulai memuat sumber daya","LOAD_STATUS_LOGIN_ING":"Masuk…","LOAD_STATUS_REMOTE_FAIL":"Pembaruan sumber daya gagal, silakan coba lagi","LOAD_STATUS_REMOTE_ING":"Memperbarui sumber daya...","LOAD_STATUS_REMOTE_START":"Mulai perbarui sumber daya","LOAD_STATUS_SERVER_CONNECT_FAIL":"Koneksi server gagal, silakan coba lagi","LOAD_STATUS_SERVER_CONNECT_ING":"Menghubungkan ke server...","LOGIN_BTN_ACTLOGIN":"Akun","LOGIN_MINIENTER_AKUN":"HP Login","LOGIN_MINIENTER_FB":"FB Login","LOGIN_USERAGREEMENT":"Saya telah membaca dan menyetujui","LOGIN_USERAGREEMENT_LINK1":"Kebijakan Privasi","LOGIN_USERAGREEMENT_LINK3":"Persyaratan Layanan","LOGIN_USERAGREEMENT_TIPS1":"Sudahkah Anda membaca dan menyetujui Kebijakan Privasi & Persyaratan Layanan？","LOGIN_USERAGREEMENT_TIPS_BTN1":"Tidak setuju","LOGIN_USERAGREEMENT_TIPS_BTN2":"Setuju","NEW_ENTER_BTN_BECOMEVIP":"Menjadi VIP","NEW_ENTER_TIPS4":"Maaf, hanya pemain VIP yang bisa masuk ke ruangan ini.","NEW_ENTER_TIPS5":"Anda dapat masuk hanya jika Anda memiliki <color=#DFE314>{0}</c> koin, silakan isi ulang","NEW_HALL_TOP_SERVICE":"Service","NEW_LOGIN_BUTTON_FB":"Login with Facebook","QUICK_GAME_TIPS":"Anda belum membuka permainan apa pun baru-baru ini","RP_GAME_EVENTS":"Waktu tersisa","TIPS_CONNECT_SERVER_TIMEOUT":"Kelainan jaringan, coba lagi nanti","TIPS_COPY_COMPLETE_URL":"Salinan berhasil, silakan buka browser untuk mengakses tautan","TIPS_HOT_UPDATE1":"Petunjuk pembaruan","TIPS_HOT_UPDATE2":"Versi baru telah dirilis, silakan lanjutkan permainan setelah pembaruan","TIPS_LOAD_1":"Waktu muat pertama lebih lama, harap bersabar","TIPS_LOAD_ASSET_TIMEOUT":"Waktu pemuatan habis, silakan coba lagi","TIPS_LOG_DEVICE":"Akun Anda telah masuk di perangkat lain, harap periksa dan masuk lagi.","TIPS_NET_DISCONNECT":"Jaringan terputus, silakan periksa jaringan","TIPS_NET_RECONNECTING":"Jaringan sedang menyambung kembali, harap tunggu…","TIPS_NET_RECONNECT_FAIL":"Koneksi jaringan gagal, harap periksa jaringan","TIPS_NOTICE_1":"Perhatian"}]],0,0,[],[],[]]